URL,Classification
https://www.sbicard.com/,legitimate
https://www.sbicard.com/en/corporate/customized-solutions.page#area3,legitimate
https://www.sbicard.com/en/help.page,legitimate
https://www.sbicard.com/en/who-we-are/careers.page,legitimate
https://www.linkedin.com/company/sbi-card,legitimate
https://www.sbicard.com/creditcards/app/user/register-page,legitimate
https://www.sbicard.com/en/personal/credit-cards.page#banking-partnership,legitimate
https://www.sbicard.com/en/personal/credit-cards.page#business,legitimate
https://www.sbicard.com/en/personal/pay.page#area12,legitimate
https://www.sbicard.com/en/eapply/track-credit-card-application.page#track-retrieve-form,legitimate
https://www.sbicard.com/en/personal/pay.page#area3,legitimate
https://www.sbicard.com/en/personal/benefits.page#area7,legitimate
https://www.sbicard.com/en/corporate/credit-cards.page#central-travel,legitimate
https://www.sbicard.com/en/personal/credit-cards/compare-cards.page,legitimate
https://www.sbicard.com/en/who-we-are.page,legitimate
https://www.sbicard.com/en/who-we-are/media.page,legitimate
https://www.instagram.com/sbicard_connect/?hl=en,legitimate
https://www.sbicard.com/en/personal/offers.page,legitimate
https://www.sbicard.com/en/home.page,legitimate
https://www.sbicard.com/en/personal/pay.page#2area1,legitimate
https://www.sbicard.com/en/personal/rewards.page#shop-smile,legitimate
https://www.sbicard.com/en/personal/pay.page#area10,legitimate
https://www.sbicard.com/en/corporate/digital-on-boarding.page,legitimate
https://www.sbicard.com/en/personal/benefits/encash.page,legitimate
https://www.sbicard.com/en/personal/pay.page#2area2,legitimate
https://www.sbicard.com/en/personal/pay.page#area4,legitimate
https://www.youtube.com/sbicard,legitimate
https://www.sbicard.com/sbi-card-en/assets/docs/pdf/personal/pay/payment-posting.pdf,legitimate
https://www.sbicard.com/en/corporate/forms-central.page,legitimate
https://www.sbicard.com/en/personal/benefits.page#area8,legitimate
https://www.sbicard.com/en/personal/pay.page#2area3,legitimate
https://www.sbicard.com/en/faq.page,legitimate
https://www.sbicard.com/en/personal/benefits/easy-access-channels/mobile-app.page,legitimate
https://www.sbicard.com/en/personal/pay.page#area8,legitimate
https://www.sbicard.com/en/personal/credit-cards.page#travel---fuel,legitimate
https://www.sbicard.com/en/corporate/credit-cards.page,legitimate
https://www.sbicard.com/en/corporate/customized-solutions.page#area2,legitimate
https://twitter.com/sbicard_connect,legitimate
https://www.sbicard.com/en/corporate/customized-solutions.page#area4,legitimate
https://www.sbicard.com/en/corporate/track.page,legitimate
https://www.sbicard.com/creditcards/app/user/paynet,legitimate
https://www.sbicard.com/en/personal/benefits/add-on-card.page,legitimate
https://www.sbicard.com/en/personal/benefits/insurance-products-sbicard.page,legitimate
https://www.sbicard.com/sprint/simplySAVERupay?ch=dis&GEMID1=dis_2024_save_conversion_june_eapply_megamenu_website&GEMID2=sbic&CS=org,legitimate
https://www.sbicard.com/en/corporate/credit-cards.page#corporate-card-tab,legitimate
https://www.sbicard.com/en/personal/benefits.page,legitimate
https://www.sbicard.com/sprint/c/simplyClick?ch=dis&GEMID1=dis_2024_click_conversion_june_eapply_megamenu_website&GEMID2=sbic&CS=org,legitimate
https://www.sbicard.com/en/corporate/enquire.page,legitimate
https://www.sbicard.com/en/corporate/customized-solutions.page,legitimate
https://www.sbicard.com/sprint/c/prime?ch=dis&GEMID1=dis_2024_prime_conversion_june_eapply_megamenu_website&GEMID2=sbic&CS=org,legitimate
https://www.sbicard.com/en/personal/credit-cards/simplyfier.page,legitimate
https://www.sbicard.com/sprint/c/bpcl?ch=dis&GEMID1=dis_2024_BPCL_conversion_june_eapply_megamenu_website&GEMID2=sbic&CS=org,legitimate
https://www.facebook.com/sbicard,legitimate
https://www.sbicard.com/en/corporate/customized-solutions.page#area6,legitimate
https://www.sbicard.com/en/personal/pay.page#area11,legitimate
https://www.sbicard.com/en/personal/pay.page#area2,legitimate
https://www.sbicard.com/en/video/web-onboarding.page,legitimate
https://www.sbicard.com/en/personal/visa-offers.page,legitimate
https://www.sbicard.com/en/corporate/credit-cards.page#corporate-virtual,legitimate
https://www.sbicard.com/en/corporate/credit-cards.page#utility,legitimate
https://www.sbicard.com/en/corporate/customized-solutions.page#area5,legitimate
https://www.sbicard.com/en/personal/credit-cards.page,legitimate
https://www.sbicard.com/en/personal/digitized-membership-kits.page,legitimate
https://www.sbicard.com/en/eapply.page,legitimate
https://www.sbicard.com/en/tnc.page,legitimate
https://www.sbicard.com/en/blog/home.page,legitimate
https://www.sbicard.com/sprint/c/elite?ch=dis&GEMID1=dis_2024_elite_conversion_june_eapply_megamenu_website&GEMID2=sbic&CS=org,legitimate
https://www.sbicard.com/en/forms-central.page,legitimate
https://www.sbicard.com/en/who-we-are/investor-relations.page,legitimate
http://bit.ly/SBICApp,legitimate
https://www.sbicard.com/en/who-we-are/analyst-investor-meeting.page,legitimate
https://www.sbicard.com/en/personal/pay.page#area6,legitimate
https://www.sbicard.com/en/personal/credit-cards.page#reward,legitimate
https://www.sbicard.com/en/who-we-are/about-us.page,legitimate
https://www.sbicard.com/en/personal/pay.page#area1,legitimate
https://www.sbicard.com/en/personal/benefits.page#area4,legitimate
https://www.sbicard.com/en/eapply/track-credit-card-application.page#retrieve-form-tab,legitimate
https://www.sbicard.com/en/corporate/corporate-web-servicing-tool.page,legitimate
https://www.sbicard.com/sprint/c/irctcRuPay?ch=dis&GEMID1=dis_2024_IRCTCrupay_conversion_june_eapply_megamenu_website&GEMID2=sbic&CS=org,legitimate
https://www.sbicard.com,legitimate
https://www.sbicard.com/en/personal/rewards.page,legitimate
https://www.sbicard.com/en/personal/benefits/card-protection-plan.page,legitimate
https://www.sbicard.com/creditcards/app/user/login,legitimate
https://www.sbicard.com/en/personal/credit-cards.page#lifestyle,legitimate
https://www.sbicard.com/en/video/product-videos.page,legitimate
https://www.sbicard.com/en/corporate.page,legitimate
https://www.sbicard.com/en/contact-us/personal.page,legitimate
https://www.sbicard.com/en/personal/pay.page.page,legitimate
https://www.sbicard.com/en/personal/digital-platform-updates.page,legitimate
https://www.sbicard.com/en/personal/benefits.page#area1,legitimate
https://www.sbicard.com/en/personal/pay.page,legitimate
https://www.sbicard.com/en/personal/benefits/utility-bill-payments/top-up-and-recharge.page,legitimate
https://www.sbicard.com/en/corporate-most-important-terms-and-conditions.page,legitimate
https://www.sbicard.com/en/corporate/offers.page,legitimate
https://www.sbicard.com/en/corporate/credit-cards.page#corporate-purchase,legitimate
https://www.sbicard.com/en/personal/credit-cards.page#shopping,legitimate
https://www.sbicard.com/en/personal/benefits.page#area3,legitimate
https://www.sbicard.com/en/personal/pay.page#area9,legitimate
https://www.sbicard.com/en/corporate/customized-solutions.page#area1,legitimate
https://www.sbicard.com/en/personal/benefits.page#area6,legitimate
https://www.sbicard.co,legitimate
http://www.sbicard.com,legitimate
http://sbicard.com,legitimate
http://sbicard.online,legitimate
